t,x,y,heading,opinion,attention,target_speed,p_att_tb1,p_coop_tb1,p_coop_att_tb1,vx_tb1,vy_tb1,p_att_tb2,p_coop_tb2,p_coop_att_tb2,vx_tb2,vy_tb2,p_att_tb3,p_coop_tb3,p_coop_att_tb3,vx_tb3,vy_tb3,p_att_tb4,p_coop_tb4,p_coop_att_tb4,vx_tb4,vy_tb4,p_att_tb5,p_coop_tb5,p_coop_att_tb5,vx_tb5,vy_tb5,p_att_tb7,p_coop_tb7,p_coop_att_tb7,vx_tb7,vy_tb7,p_att_tb8,p_coop_tb8,p_coop_att_tb8,vx_tb8,vy_tb8,p_att_tb9,p_coop_tb9,p_coop_att_tb9,vx_tb9,vy_tb9,p_att_tb10,p_coop_tb10,p_coop_att_tb10,vx_tb10,vy_tb10,p_att_tb11,p_coop_tb11,p_coop_att_tb11,vx_tb11,vy_tb11,p_att_tb12,p_coop_tb12,p_coop_att_tb12,vx_tb12,vy_tb12
1769213915.474809,-0.1920360831790062,-1.0560683559924149,1.5270590529602193,0.0,0.0,0.35,nan,nan,nan,nan,nan,nan,nan,nan,nan,nan,nan,nan,nan,nan,nan,nan,nan,nan,nan,nan,nan,nan,nan,nan,nan,nan,nan,nan,nan,nan,nan,nan,nan,nan,nan,nan,nan,nan,nan,nan,nan,nan,nan,nan,nan,nan,nan,nan,nan,nan,nan,nan,nan,nan,nan
1769213915.478146,-0.1920360831790062,-1.0560683559924149,1.5270590529602193,0.0,0.0,0.35,nan,nan,nan,nan,nan,nan,nan,nan,nan,nan,nan,nan,nan,nan,nan,nan,nan,nan,nan,nan,nan,nan,nan,nan,nan,nan,nan,nan,nan,nan,nan,nan,nan,nan,nan,nan,nan,nan,nan,nan,nan,nan,nan,nan,nan,nan,nan,nan,nan,nan,nan,nan,nan,nan,nan
1769213915.5787277,-0.19208882125581994,-1.0539601471712259,1.5247120407437869,0.0,0.0,0.35,nan,nan,nan,nan,nan,nan,nan,nan,nan,nan,nan,nan,nan,nan,nan,nan,nan,nan,nan,nan,nan,nan,nan,nan,nan,nan,nan,nan,nan,nan,nan,nan,nan,nan,nan,nan,nan,nan,nan,nan,nan,nan,nan,nan,nan,nan,nan,nan,nan,nan,nan,nan,nan,nan,nan
1769213915.681411,-0.19185423414661892,-1.0439248572523914,1.52336068927672,0.0,0.0,0.35,nan,nan,nan,nan,nan,nan,nan,nan,nan,nan,nan,nan,nan,nan,nan,nan,nan,nan,nan,nan,nan,nan,nan,nan,nan,nan,nan,nan,nan,nan,nan,nan,nan,nan,nan,nan,nan,nan,nan,nan,nan,nan,nan,nan,nan,nan,nan,nan,nan,nan,nan,nan,nan,nan,nan
1769213915.7805765,-0.19137278450701192,-1.0297040390234178,1.5204566175492356,0.0,0.0,0.35,nan,nan,nan,nan,nan,nan,nan,nan,nan,nan,nan,nan,nan,nan,nan,nan,nan,nan,nan,nan,nan,nan,nan,nan,nan,nan,nan,nan,nan,nan,nan,nan,nan,nan,nan,nan,nan,nan,nan,nan,nan,nan,nan,nan,nan,nan,nan,nan,nan,nan,nan,nan,nan,nan,nan
1769213915.8797927,-0.19027110585264914,-1.010837468440715,1.520963410986239,0.0,0.0,0.35,nan,nan,nan,nan,nan,nan,nan,nan,nan,nan,nan,nan,nan,nan,nan,nan,nan,nan,nan,nan,nan,nan,nan,nan,nan,nan,nan,nan,nan,nan,nan,nan,nan,nan,nan,nan,nan,nan,nan,nan,nan,nan,nan,nan,nan,nan,nan,nan,nan,nan,nan,nan,nan,nan,nan
1769213915.9794557,-0.1889942407869542,-0.9893870915378195,1.5221798927396566,0.0,0.0,0.35,nan,nan,nan,nan,nan,nan,nan,nan,nan,nan,nan,nan,nan,nan,nan,nan,nan,nan,nan,nan,nan,nan,nan,nan,nan,nan,nan,nan,nan,nan,nan,nan,nan,nan,nan,nan,nan,nan,nan,nan,nan,nan,nan,nan,nan,nan,nan,nan,nan,nan,nan,nan,nan,nan,nan
1769213916.0815084,-0.1878562716362208,-0.9664226357492093,1.5239935455708915,0.0,0.0,0.35,nan,nan,nan,nan,nan,nan,nan,nan,nan,nan,nan,nan,nan,nan,nan,nan,nan,nan,nan,nan,nan,nan,nan,nan,nan,nan,nan,nan,nan,nan,nan,nan,nan,nan,nan,nan,nan,nan,nan,nan,nan,nan,nan,nan,nan,nan,nan,nan,nan,nan,nan,nan,nan,nan,nan
1769213916.18064,-0.18680984596864594,-0.9427544202617211,1.521088003000215,0.0,0.0,0.35,nan,nan,nan,nan,nan,nan,nan,nan,nan,nan,nan,nan,nan,nan,nan,nan,nan,nan,nan,nan,nan,nan,nan,nan,nan,nan,nan,nan,nan,nan,nan,nan,nan,nan,nan,nan,nan,nan,nan,nan,nan,nan,nan,nan,nan,nan,nan,nan,nan,nan,nan,nan,nan,nan,nan
1769213916.2795877,-0.18573676354005852,-0.919104753315656,1.5168178088780324,0.0,0.0,0.35,nan,nan,nan,nan,nan,nan,nan,nan,nan,nan,nan,nan,nan,nan,nan,nan,nan,nan,nan,nan,nan,nan,nan,nan,nan,nan,nan,nan,nan,nan,nan,nan,nan,nan,nan,nan,nan,nan,nan,nan,nan,nan,nan,nan,nan,nan,nan,nan,nan,nan,nan,nan,nan,nan,nan
1769213916.379515,-0.18446001224129394,-0.8952819183424193,1.5143557411046304,0.0,0.0,0.35,nan,nan,nan,nan,nan,nan,nan,nan,nan,nan,nan,nan,nan,nan,nan,nan,nan,nan,nan,nan,nan,nan,nan,nan,nan,nan,nan,nan,nan,nan,nan,nan,nan,nan,nan,nan,nan,nan,nan,nan,nan,nan,nan,nan,nan,nan,nan,nan,nan,nan,nan,nan,nan,nan,nan
1769213916.4798453,-0.1832404125598451,-0.8714971678389564,1.5119535434762927,0.0,0.0,0.35,nan,nan,nan,nan,nan,nan,nan,nan,nan,nan,nan,nan,nan,nan,nan,nan,nan,nan,nan,nan,nan,nan,nan,nan,nan,nan,nan,nan,nan,nan,nan,nan,nan,nan,nan,nan,nan,nan,nan,nan,nan,nan,nan,nan,nan,nan,nan,nan,nan,nan,nan,nan,nan,nan,nan
1769213916.5797832,-0.18168077737184485,-0.8480846132578063,1.5114843374646116,0.0,0.0,0.35,nan,nan,nan,nan,nan,nan,nan,nan,nan,nan,nan,nan,nan,nan,nan,nan,nan,nan,nan,nan,nan,nan,nan,nan,nan,nan,nan,nan,nan,nan,nan,nan,nan,nan,nan,nan,nan,nan,nan,nan,nan,nan,nan,nan,nan,nan,nan,nan,nan,nan,nan,nan,nan,nan,nan
1769213916.6788876,-0.1799387939155049,-0.8245815769995628,1.5140964304627267,0.0,0.0,0.35,nan,nan,nan,nan,nan,nan,nan,nan,nan,nan,nan,nan,nan,nan,nan,nan,nan,nan,nan,nan,nan,nan,nan,nan,nan,nan,nan,nan,nan,nan,nan,nan,nan,nan,nan,nan,nan,nan,nan,nan,nan,nan,nan,nan,nan,nan,nan,nan,nan,nan,nan,nan,nan,nan,nan
1769213916.7790487,-0.17830409941148626,-0.8007295151456602,1.5137211990525783,0.0,0.0,0.35,nan,nan,nan,nan,nan,nan,nan,nan,nan,nan,nan,nan,nan,nan,nan,nan,nan,nan,nan,nan,nan,nan,nan,nan,nan,nan,nan,nan,nan,nan,nan,nan,nan,nan,nan,nan,nan,nan,nan,nan,nan,nan,nan,nan,nan,nan,nan,nan,nan,nan,nan,nan,nan,nan,nan
1769213916.8781788,-0.176712984071327,-0.7763527888312468,1.5152299539530723,0.0,0.0,0.35,nan,nan,nan,nan,nan,nan,nan,nan,nan,nan,nan,nan,nan,nan,nan,nan,nan,nan,nan,nan,nan,nan,nan,nan,nan,nan,nan,nan,nan,nan,nan,nan,nan,nan,nan,nan,nan,nan,nan,nan,nan,nan,nan,nan,nan,nan,nan,nan,nan,nan,nan,nan,nan,nan,nan
1769213916.9825978,-0.1752557250990518,-0.7525360076934141,1.5132566396210514,-0.1302190571391177,1.0,0.2198256789708177,nan,nan,nan,nan,nan,nan,nan,nan,nan,nan,nan,nan,nan,nan,nan,nan,nan,nan,nan,nan,1.3442910223593374,0.0018045796754412803,0.05684239086019111,0.24075283773859513,-0.031465156922122296,nan,nan,nan,nan,nan,nan,nan,nan,nan,nan,nan,nan,nan,nan,nan,nan,nan,nan,nan,nan,nan,nan,nan,nan,nan,nan,nan,nan,nan,nan
1769213917.0795782,-0.1735480003184105,-0.7281053175529534,1.5058334746508109,-0.11086060307815343,1.0,0.23770644237150723,nan,nan,nan,nan,nan,nan,nan,nan,nan,nan,nan,nan,nan,nan,nan,nan,nan,nan,nan,nan,1.3443772163623362,0.003768207658878478,0.10826253855861435,0.22074514477692447,-0.04067356477689144,nan,nan,nan,nan,nan,nan,nan,nan,nan,nan,nan,nan,nan,nan,nan,nan,nan,nan,nan,nan,nan,nan,nan,nan,nan,nan,nan,nan,nan,nan
1769213917.17996,-0.17231170257374936,-0.704749220142944,1.5028296714146674,-0.1230998777474661,1.0,0.2263173650660963,nan,nan,nan,nan,nan,nan,nan,nan,nan,nan,nan,nan,nan,nan,nan,nan,nan,nan,nan,nan,1.33886089964343,0.005636364874206176,0.1519767214968919,0.21802096632935405,-0.04653049909211202,nan,nan,nan,nan,nan,nan,nan,nan,nan,nan,nan,nan,nan,nan,nan,nan,nan,nan,nan,nan,nan,nan,nan,nan,nan,nan,nan,nan,nan,nan
1769213917.2806468,-0.17084543280109346,-0.6813707824390233,1.5022850254680353,-0.08965096917598711,1.0,0.2580724141730357,nan,nan,nan,nan,nan,nan,nan,nan,nan,nan,nan,nan,nan,nan,nan,nan,nan,nan,nan,nan,1.3423009919046278,0.007812120314969277,0.19393159942118804,0.20319702249312804,-0.03977825759899167,nan,nan,nan,nan,nan,nan,nan,nan,nan,nan,nan,nan,nan,nan,nan,nan,nan,nan,nan,nan,nan,nan,nan,nan,nan,nan,nan,nan,nan,nan
1769213917.3804805,-0.16923082764580114,-0.6579911347004257,1.5021602163128192,-0.08300650872748941,1.0,0.2646011265188756,nan,nan,nan,nan,nan,nan,nan,nan,nan,nan,nan,nan,nan,nan,nan,nan,nan,nan,nan,nan,1.3441974299310926,0.009686262145500227,0.2300443619672177,0.2094833627777649,-0.03056372228955746,nan,nan,nan,nan,nan,nan,nan,nan,nan,nan,nan,nan,nan,nan,nan,nan,nan,nan,nan,nan,nan,nan,nan,nan,nan,nan,nan,nan,nan,nan
1769213917.4809437,-0.16760657061690573,-0.6349098815174777,1.5020930555862333,-0.10954443600262898,1.0,0.23894772676071233,nan,nan,nan,nan,nan,nan,nan,nan,nan,nan,nan,nan,nan,nan,nan,nan,nan,nan,nan,nan,1.3441127560844213,0.011225690552507132,0.26361240297229643,0.22150114987377187,-0.03641729320719146,nan,nan,nan,nan,nan,nan,nan,nan,nan,nan,nan,nan,nan,nan,nan,nan,nan,nan,nan,nan,nan,nan,nan,nan,nan,nan,nan,nan,nan,nan
1769213917.5791733,-0.16578543501525014,-0.6119240424206605,1.5017357030889757,-0.09902916565878472,1.0,0.2489742438721668,nan,nan,nan,nan,nan,nan,nan,nan,nan,nan,nan,nan,nan,nan,nan,nan,nan,nan,nan,nan,1.3413755704008754,0.012712802036059083,0.29310833242737827,0.21756354025989086,-0.04193184744829328,nan,nan,nan,nan,nan,nan,nan,nan,nan,nan,nan,nan,nan,nan,nan,nan,nan,nan,nan,nan,nan,nan,nan,nan,nan,nan,nan,nan,nan,nan
1769213917.6793854,-0.1643629971009147,-0.5901852361914246,1.5040983632938743,-0.08856679489861088,1.0,0.2591331680773577,nan,nan,nan,nan,nan,nan,nan,nan,nan,nan,nan,nan,nan,nan,nan,nan,nan,nan,nan,nan,1.3035598957791232,0.01416925528271084,0.31497733082989127,0.21671417245736485,-0.03500492377713484,nan,nan,nan,nan,nan,nan,nan,nan,nan,nan,nan,nan,nan,nan,nan,nan,nan,nan,nan,nan,nan,nan,nan,nan,nan,nan,nan,nan,nan,nan
1769213917.7818499,-0.16260367484389557,-0.5689806985668981,1.5022027633395856,-0.1056813312534566,1.0,0.24260892446570395,nan,nan,nan,nan,nan,nan,nan,nan,nan,nan,nan,nan,nan,nan,nan,nan,nan,nan,nan,nan,1.3409528627680392,0.015857688856010202,0.33997825656685454,0.2214535956241635,-0.03322280699952307,nan,nan,nan,nan,nan,nan,nan,nan,nan,nan,nan,nan,nan,nan,nan,nan,nan,nan,nan,nan,nan,nan,nan,nan,nan,nan,nan,nan,nan,nan
1769213917.8811195,-0.16173560295070616,-0.5508888442701029,1.5114662917509318,0.15296414155044719,1.0,0.5002133769907489,nan,nan,nan,nan,nan,nan,nan,nan,nan,nan,nan,nan,nan,nan,nan,nan,nan,nan,nan,nan,1.2846354676349108,0.01869614146948051,0.35592877561907765,0.2207193074049623,-0.02853610411136051,nan,nan,nan,nan,nan,nan,nan,nan,nan,nan,nan,nan,nan,nan,nan,nan,nan,nan,nan,nan,nan,nan,nan,nan,nan,nan,nan,nan,nan,nan
1769213917.980368,-0.16020787895556696,-0.5283621101250556,1.512424970378066,-0.09952940160532579,1.0,0.24849296647814625,nan,nan,nan,nan,nan,nan,nan,nan,nan,nan,nan,nan,nan,nan,nan,nan,nan,nan,nan,nan,1.3417382490796397,0.021387182118950677,0.3772597402793997,0.19640632016068438,-0.013940996436326273,nan,nan,nan,nan,nan,nan,nan,nan,nan,nan,nan,nan,nan,nan,nan,nan,nan,nan,nan,nan,nan,nan,nan,nan,nan,nan,nan,nan,nan,nan
1769213918.0794754,-0.15861531531363965,-0.504643798405566,1.512314339542119,-0.14733184541766547,1.0,0.20464598968857242,nan,nan,nan,nan,nan,nan,nan,nan,nan,nan,nan,nan,nan,nan,nan,nan,nan,nan,nan,nan,1.3417316051254804,0.02450465507323962,0.39626442686951635,0.18506541209000157,-0.030401921968417123,nan,nan,nan,nan,nan,nan,nan,nan,nan,nan,nan,nan,nan,nan,nan,nan,nan,nan,nan,nan,nan,nan,nan,nan,nan,nan,nan,nan,nan,nan
1769213918.1816714,-0.15714968306979346,-0.4829987312706156,1.5146215182280998,-0.10598950845586197,1.0,0.24231588583734034,nan,nan,nan,nan,nan,nan,nan,nan,nan,nan,nan,nan,nan,nan,nan,nan,nan,nan,nan,nan,1.3421706083481995,0.028855551190225186,0.4139199771864429,0.1712025431735843,-0.03300338026766386,nan,nan,nan,nan,nan,nan,nan,nan,nan,nan,nan,nan,nan,nan,nan,nan,nan,nan,nan,nan,nan,nan,nan,nan,nan,nan,nan,nan,nan,nan
1769213918.2815394,-0.1555481317450002,-0.4615751243746234,1.5167967698129297,-0.1288357934545839,1.0,0.22107911986228246,nan,nan,nan,nan,nan,nan,nan,nan,nan,nan,nan,nan,nan,nan,nan,nan,nan,nan,nan,nan,1.3422685205412286,0.032212112255826125,0.4299474137398435,0.18755765107442005,-0.02796474906484827,nan,nan,nan,nan,nan,nan,nan,nan,nan,nan,nan,nan,nan,nan,nan,nan,nan,nan,nan,nan,nan,nan,nan,nan,nan,nan,nan,nan,nan,nan
1769213918.380907,-0.1541397246265506,-0.4398502496773622,1.5175142399962975,-0.15159419368879173,1.0,0.20096217873622646,nan,nan,nan,nan,nan,nan,nan,nan,nan,nan,nan,nan,nan,nan,nan,nan,nan,nan,nan,nan,1.168712486376472,0.03525136243439683,0.444788237049214,0.2676626540176477,0.05386767879619446,nan,nan,nan,nan,nan,nan,nan,nan,nan,nan,nan,nan,nan,nan,nan,nan,nan,nan,nan,nan,nan,nan,nan,nan,nan,nan,nan,nan,nan,nan
1769213918.4794416,-0.15243885840817534,-0.41834687650251795,1.517691897682443,-0.1490178948599964,1.0,0.2031840569060775,nan,nan,nan,nan,nan,nan,nan,nan,nan,nan,nan,nan,nan,nan,nan,nan,nan,nan,nan,nan,1.3378397662020864,0.03713088082859666,0.4566433432727201,0.19641735308636668,-0.03307850845582528,nan,nan,nan,nan,nan,nan,nan,nan,nan,nan,nan,nan,nan,nan,nan,nan,nan,nan,nan,nan,nan,nan,nan,nan,nan,nan,nan,nan,nan,nan
1769213918.5809186,-0.15102384518271197,-0.398620243976126,1.5195144586286544,-0.1236463399090316,1.0,0.22581552337895905,nan,nan,nan,nan,nan,nan,nan,nan,nan,nan,nan,nan,nan,nan,nan,nan,nan,nan,nan,nan,1.3436972412330053,0.04175720381472193,0.4693138460961437,0.20181527382748368,-0.016841323114711242,nan,nan,nan,nan,nan,nan,nan,nan,nan,nan,nan,nan,nan,nan,nan,nan,nan,nan,nan,nan,nan,nan,nan,nan,nan,nan,nan,nan,nan,nan
1769213918.6795292,-0.14990506509006302,-0.3795884918254364,1.5196951176974407,-0.10191972192633451,1.0,0.24619904666856804,nan,nan,nan,nan,nan,nan,nan,nan,nan,nan,nan,nan,nan,nan,nan,nan,nan,nan,nan,nan,1.343677915860946,0.04584045235931458,0.48018868939906423,0.1696453782917285,-0.021442674330637432,nan,nan,nan,nan,nan,nan,nan,nan,nan,nan,nan,nan,nan,nan,nan,nan,nan,nan,nan,nan,nan,nan,nan,nan,nan,nan,nan,nan,nan,nan
1769213918.7809577,-0.1488527502684201,-0.35972783219928345,1.5210197285741236,-0.16575478132444796,1.0,0.18901295389633938,nan,nan,nan,nan,nan,nan,nan,nan,nan,nan,nan,nan,nan,nan,nan,nan,nan,nan,nan,nan,1.3310748539173944,0.04749398725328273,0.4871856549454249,0.17097615868974156,-0.038457247231044094,nan,nan,nan,nan,nan,nan,nan,nan,nan,nan,nan,nan,nan,nan,nan,nan,nan,nan,nan,nan,nan,nan,nan,nan,nan,nan,nan,nan,nan,nan
1769213918.881499,-0.1477557794898715,-0.34015336813867236,1.5185218166882124,-0.12185173966221059,1.0,0.22746576773496638,nan,nan,nan,nan,nan,nan,nan,nan,nan,nan,nan,nan,nan,nan,nan,nan,nan,nan,nan,nan,1.3383106173941106,0.048805934860342015,0.4943435914310786,0.18418597872591833,-0.0262676857963289,nan,nan,nan,nan,nan,nan,nan,nan,nan,nan,nan,nan,nan,nan,nan,nan,nan,nan,nan,nan,nan,nan,nan,nan,nan,nan,nan,nan,nan,nan
1769213918.9816332,-0.1467743458501324,-0.3204597489933544,1.5153923228401656,-0.28135202537035886,1.0,0.10921699028718884,nan,nan,nan,nan,nan,nan,nan,nan,nan,nan,nan,nan,nan,nan,nan,nan,nan,nan,nan,nan,1.3440131887832123,0.05124690979930539,0.503666801921183,0.19119765018623072,-0.031687417275001135,nan,nan,nan,nan,nan,nan,nan,nan,nan,nan,nan,nan,nan,nan,nan,nan,nan,nan,nan,nan,nan,nan,nan,nan,nan,nan,nan,nan,nan,nan
1769213919.0804214,-0.1456614723150561,-0.30212752922599845,1.5159723337675233,-0.3252186433554945,1.0,0.08708726854521653,nan,nan,nan,nan,nan,nan,nan,nan,nan,nan,nan,nan,nan,nan,nan,nan,nan,nan,nan,nan,1.3201639789222417,0.05186029114367031,0.5070782180500396,0.24516167174995168,-0.04037643693226215,nan,nan,nan,nan,nan,nan,nan,nan,nan,nan,nan,nan,nan,nan,nan,nan,nan,nan,nan,nan,nan,nan,nan,nan,nan,nan,nan,nan,nan,nan
1769213919.1813347,-0.14508372419487883,-0.2847451941455999,1.5142914587075558,-0.3723703330022051,1.0,0.06770341159622323,nan,nan,nan,nan,nan,nan,nan,nan,nan,nan,nan,nan,nan,nan,nan,nan,nan,nan,nan,nan,1.2896498367028613,0.05118931132139579,0.5088471082813519,0.2424477158034051,-0.04516179500279779,nan,nan,nan,nan,nan,nan,nan,nan,nan,nan,nan,nan,nan,nan,nan,nan,nan,nan,nan,nan,nan,nan,nan,nan,nan,nan,nan,nan,nan,nan
1769213919.2812626,-0.14409721805930942,-0.27033573968698515,1.5121178588581896,-0.2788523064692186,1.0,0.11060662531142863,nan,nan,nan,nan,nan,nan,nan,nan,nan,nan,nan,nan,nan,nan,nan,nan,nan,nan,nan,nan,1.2833472562478252,0.05087574582711535,0.5086428034722804,0.24073229796938553,-0.04280222291899823,nan,nan,nan,nan,nan,nan,nan,nan,nan,nan,nan,nan,nan,nan,nan,nan,nan,nan,nan,nan,nan,nan,nan,nan,nan,nan,nan,nan,nan,nan
1769213919.381351,-0.1433907557293982,-0.2572961465980484,1.5129372565425683,-0.1938826367630517,1.0,0.1666482532996548,nan,nan,nan,nan,nan,nan,nan,nan,nan,nan,nan,nan,nan,nan,nan,nan,nan,nan,nan,nan,1.2769715902713814,0.050311379522398704,0.5087467171180847,0.20555713654275648,-0.035588731275339694,nan,nan,nan,nan,nan,nan,nan,nan,nan,nan,nan,nan,nan,nan,nan,nan,nan,nan,nan,nan,nan,nan,nan,nan,nan,nan,nan,nan,nan,nan
1769213919.4807687,-0.1425592214169902,-0.24519658263084862,1.5119465630251254,-0.27368463111760377,1.0,0.11352492179274692,nan,nan,nan,nan,nan,nan,nan,nan,nan,nan,nan,nan,nan,nan,nan,nan,nan,nan,nan,nan,1.242312202216442,0.05095697256052954,0.5060863907449896,0.24958657555888117,-0.03784156378557905,nan,nan,nan,nan,nan,nan,nan,nan,nan,nan,nan,nan,nan,nan,nan,nan,nan,nan,nan,nan,nan,nan,nan,nan,nan,nan,nan,nan,nan,nan
1769213919.5808148,-0.14191449364712097,-0.23366526127550485,1.5085961515373039,-0.17488911501560753,1.0,0.18154701533171924,nan,nan,nan,nan,nan,nan,nan,nan,nan,nan,nan,nan,nan,nan,nan,nan,nan,nan,nan,nan,1.2731895351883127,0.05021038861742247,0.5055815304441258,0.2578611935128765,-0.03644524704906906,nan,nan,nan,nan,nan,nan,nan,nan,nan,nan,nan,nan,nan,nan,nan,nan,nan,nan,nan,nan,nan,nan,nan,nan,nan,nan,nan,nan,nan,nan
1769213919.6805942,-0.14124903296396044,-0.22217139408367023,1.5104369382657623,-0.14861639969134952,1.0,0.2035316234443781,nan,nan,nan,nan,nan,nan,nan,nan,nan,nan,nan,nan,nan,nan,nan,nan,nan,nan,nan,nan,1.2880605499066236,0.051523155224355424,0.5067531296678581,0.18246201270097018,-0.03235351988702471,nan,nan,nan,nan,nan,nan,nan,nan,nan,nan,nan,nan,nan,nan,nan,nan,nan,nan,nan,nan,nan,nan,nan,nan,nan,nan,nan,nan,nan,nan
1769213919.7807527,-0.14036793907863468,-0.21050603134165977,1.5116044977847294,-0.2836286140506838,1.0,0.10796381019108257,nan,nan,nan,nan,nan,nan,nan,nan,nan,nan,nan,nan,nan,nan,nan,nan,nan,nan,nan,nan,1.263864529444312,0.052843056156433615,0.505491959548944,0.21993949186836168,-0.023654352404781604,nan,nan,nan,nan,nan,nan,nan,nan,nan,nan,nan,nan,nan,nan,nan,nan,nan,nan,nan,nan,nan,nan,nan,nan,nan,nan,nan,nan,nan,nan
1769213919.8814373,-0.13959062165718458,-0.1981394997985802,1.5143144110868454,-0.410526150228835,1.0,0.054937203054984514,nan,nan,nan,nan,nan,nan,nan,nan,nan,nan,nan,nan,nan,nan,nan,nan,nan,nan,nan,nan,1.2546003046213423,0.05273911063012919,0.5048021170873649,0.2318216415087221,-0.04622449172019589,nan,nan,nan,nan,nan,nan,nan,nan,nan,nan,nan,nan,nan,nan,nan,nan,nan,nan,nan,nan,nan,nan,nan,nan,nan,nan,nan,nan,nan,nan
1769213919.9807231,-0.13880909379402268,-0.18733939448242196,1.5127525504663593,-0.2819500233792495,1.0,0.10888667017530776,nan,nan,nan,nan,nan,nan,nan,nan,nan,nan,nan,nan,nan,nan,nan,nan,nan,nan,nan,nan,1.2569050033388964,0.051574233540482024,0.5034215916679133,0.20341765724440977,-0.03982938648528499,nan,nan,nan,nan,nan,nan,nan,nan,nan,nan,nan,nan,nan,nan,nan,nan,nan,nan,nan,nan,nan,nan,nan,nan,nan,nan,nan,nan,nan,nan
1769213920.080793,-0.13828841383023116,-0.17743124877839095,1.5134184930678984,-0.2839056069980941,1.0,0.10781214050601706,nan,nan,nan,nan,nan,nan,nan,nan,nan,nan,nan,nan,nan,nan,nan,nan,nan,nan,nan,nan,1.2748918622815986,0.0528040463277674,0.5032862890371634,0.1995639926706085,-0.02690930341520809,nan,nan,nan,nan,nan,nan,nan,nan,nan,nan,nan,nan,nan,nan,nan,nan,nan,nan,nan,nan,nan,nan,nan,nan,nan,nan,nan,nan,nan,nan
1769213920.1816597,-0.13765252770568828,-0.167486921403639,1.5122157826226443,-0.22155740823923467,1.0,0.14648747514616475,nan,nan,nan,nan,nan,nan,nan,nan,nan,nan,nan,nan,nan,nan,nan,nan,nan,nan,nan,nan,1.2465031408934668,0.05527075569231884,0.5013694934264422,0.1695561669828209,-0.03191713916353427,nan,nan,nan,nan,nan,nan,nan,nan,nan,nan,nan,nan,nan,nan,nan,nan,nan,nan,nan,nan,nan,nan,nan,nan,nan,nan,nan,nan,nan,nan
1769213920.281542,-0.1373437204590256,-0.15654544964861622,1.5120899176974378,-0.2182855546503499,1.0,0.148774373084145,nan,nan,nan,nan,nan,nan,nan,nan,nan,nan,nan,nan,nan,nan,nan,nan,nan,nan,nan,nan,1.282448530300227,0.058600683203092384,0.501938791844379,0.16005437047873647,-0.0393661646942612,nan,nan,nan,nan,nan,nan,nan,nan,nan,nan,nan,nan,nan,nan,nan,nan,nan,nan,nan,nan,nan,nan,nan,nan,nan,nan,nan,nan,nan,nan
1769213920.3807342,-0.13622190494026837,-0.1453804394590513,1.5102473202990359,-0.19996297772314428,1.0,0.1620603146410102,nan,nan,nan,nan,nan,nan,nan,nan,nan,nan,nan,nan,nan,nan,nan,nan,nan,nan,nan,nan,1.283586514540293,0.062445256844589674,0.502534938136552,0.1638973661393874,-0.024336096476321154,nan,nan,nan,nan,nan,nan,nan,nan,nan,nan,nan,nan,nan,nan,nan,nan,nan,nan,nan,nan,nan,nan,nan,nan,nan,nan,nan,nan,nan,nan
1769213920.4807537,-0.13561052153923714,-0.13409934498493015,1.507058003124012,-0.23648884878738555,1.0,0.13638022683739734,nan,nan,nan,nan,nan,nan,nan,nan,nan,nan,nan,nan,nan,nan,nan,nan,nan,nan,nan,nan,1.3086491883494975,0.06792766139079416,0.5051172258337572,0.15805908058789128,-0.031515213500172744,nan,nan,nan,nan,nan,nan,nan,nan,nan,nan,nan,nan,nan,nan,nan,nan,nan,nan,nan,nan,nan,nan,nan,nan,nan,nan,nan,nan,nan,nan
1769213920.5806005,-0.13500093695219495,-0.12219961555203321,1.5070434511667432,-0.27010743140011617,1.0,0.11558119492911938,nan,nan,nan,nan,nan,nan,nan,nan,nan,nan,nan,nan,nan,nan,nan,nan,nan,nan,nan,nan,1.3281567463780342,0.07320669091548405,0.5095885844394273,0.16806414736491393,-0.04477922906885862,nan,nan,nan,nan,nan,nan,nan,nan,nan,nan,nan,nan,nan,nan,nan,nan,nan,nan,nan,nan,nan,nan,nan,nan,nan,nan,nan,nan,nan,nan
1769213920.68091,-0.13436252847752983,-0.10994858347165258,1.5025597208593422,-0.16250832940021306,1.0,0.19171255596072878,nan,nan,nan,nan,nan,nan,nan,nan,nan,nan,nan,nan,nan,nan,nan,nan,nan,nan,nan,nan,1.343791951684442,0.08682787670540154,0.5170519158629131,0.1459986515364788,0.002996259215973878,nan,nan,nan,nan,nan,nan,nan,nan,nan,nan,nan,nan,nan,nan,nan,nan,nan,nan,nan,nan,nan,nan,nan,nan,nan,nan,nan,nan,nan,nan
1769213920.7808335,-0.13320915517833937,-0.09755504492095944,1.50419281464063,-0.1229576732712571,1.0,0.22644805353519404,nan,nan,nan,nan,nan,nan,nan,nan,nan,nan,nan,nan,nan,nan,nan,nan,nan,nan,nan,nan,1.3411393771958207,0.09616406742080866,0.52237748036977,0.12629391306024287,-0.011890111776695375,nan,nan,nan,nan,nan,nan,nan,nan,nan,nan,nan,nan,nan,nan,nan,nan,nan,nan,nan,nan,nan,nan,nan,nan,nan,nan,nan,nan,nan,nan
1769213920.879974,-0.13237070594870237,-0.08413001928649291,1.5021912896063316,-0.1503514119976591,1.0,0.20203217896994932,nan,nan,nan,nan,nan,nan,nan,nan,nan,nan,nan,nan,nan,nan,nan,nan,nan,nan,nan,nan,1.3268567035986687,0.10287520539500138,0.5247906943092391,0.1383648383927236,-0.01652531461795305,nan,nan,nan,nan,nan,nan,nan,nan,nan,nan,nan,nan,nan,nan,nan,nan,nan,nan,nan,nan,nan,nan,nan,nan,nan,nan,nan,nan,nan,nan
1769213920.9798386,-0.13126759033030938,-0.06946383708256856,1.502577812322179,-0.10963693656460856,1.0,0.23886038691833852,nan,nan,nan,nan,nan,nan,nan,nan,nan,nan,nan,nan,nan,nan,nan,nan,nan,nan,nan,nan,1.3318327696325518,0.11664413051406558,0.5279238615253258,0.114625176914575,-0.013010273374192928,nan,nan,nan,nan,nan,nan,nan,nan,nan,nan,nan,nan,nan,nan,nan,nan,nan,nan,nan,nan,nan,nan,nan,nan,nan,nan,nan,nan,nan,nan
1769213921.0809975,-0.13029509264081418,-0.056171895873735285,1.5061043856320986,-0.18960457526471713,1.0,0.16992936100537528,nan,nan,nan,nan,nan,nan,nan,nan,nan,nan,nan,nan,nan,nan,nan,nan,nan,nan,nan,nan,1.3384394498219931,0.1291092162766172,0.532923295405615,0.10226506288516254,-0.01094840855822327,nan,nan,nan,nan,nan,nan,nan,nan,nan,nan,nan,nan,nan,nan,nan,nan,nan,nan,nan,nan,nan,nan,nan,nan,nan,nan,nan,nan,nan,nan
1769213921.1813266,-0.12895474550502986,-0.041826236415955745,1.50600603045197,-0.2741787041176614,1.0,0.11324324564007164,nan,nan,nan,nan,nan,nan,nan,nan,nan,nan,nan,nan,nan,nan,nan,nan,nan,nan,nan,nan,1.336946940144603,0.13832237180821913,0.53585293985007,0.12782351774487802,-0.01948503815814266,nan,nan,nan,nan,nan,nan,nan,nan,nan,nan,nan,nan,nan,nan,nan,nan,nan,nan,nan,nan,nan,nan,nan,nan,nan,nan,nan,nan,nan,nan
1769213921.2807286,-0.12773482896867086,-0.02882954394158339,1.506145394359735,-0.2693558541637965,1.0,0.11601700152343825,nan,nan,nan,nan,nan,nan,nan,nan,nan,nan,nan,nan,nan,nan,nan,nan,nan,nan,nan,nan,1.3395957490130634,0.1493721028837426,0.5395712029296129,0.1147047799087445,-0.024636186818404286,nan,nan,nan,nan,nan,nan,nan,nan,nan,nan,nan,nan,nan,nan,nan,nan,nan,nan,nan,nan,nan,nan,nan,nan,nan,nan,nan,nan,nan,nan
1769213921.3813674,-0.12649457191890534,-0.0162225270779566,1.5080122234845554,-0.3312988214425171,1.0,0.08434338897514046,nan,nan,nan,nan,nan,nan,nan,nan,nan,nan,nan,nan,nan,nan,nan,nan,nan,nan,nan,nan,1.3396229773300714,0.15473586354967073,0.54132430976406,0.1259610693905439,-0.023335019835906225,nan,nan,nan,nan,nan,nan,nan,nan,nan,nan,nan,nan,nan,nan,nan,nan,nan,nan,nan,nan,nan,nan,nan,nan,nan,nan,nan,nan,nan,nan
1769213921.4808993,-0.12541107274076696,-0.00406321945216525,1.5105393643055633,-0.35124157284616775,1.0,0.07586241669489177,nan,nan,nan,nan,nan,nan,nan,nan,nan,nan,nan,nan,nan,nan,nan,nan,nan,nan,nan,nan,1.3360086068550847,0.1619582121908915,0.5432784843646101,0.12470655488209575,-0.011116055097583523,nan,nan,nan,nan,nan,nan,nan,nan,nan,nan,nan,nan,nan,nan,nan,nan,nan,nan,nan,nan,nan,nan,nan,nan,nan,nan,nan,nan,nan,nan
1769213921.581974,-0.12432180706180967,0.008271696344135732,1.5129701510768927,-0.2286627180567403,1.0,0.14161051221726334,nan,nan,nan,nan,nan,nan,nan,nan,nan,nan,nan,nan,nan,nan,nan,nan,nan,nan,nan,nan,1.3411594322646487,0.17363755482261115,0.5450730296971436,0.11428767846857021,-0.03411229126585687,nan,nan,nan,nan,nan,nan,nan,nan,nan,nan,nan,nan,nan,nan,nan,nan,nan,nan,nan,nan,nan,nan,nan,nan,nan,nan,nan,nan,nan,nan
1769213921.6810584,-0.12363907799773693,0.020388967005918072,1.5166548147537775,-0.41700182208824826,1.0,0.05300212845315936,nan,nan,nan,nan,nan,nan,nan,nan,nan,nan,nan,nan,nan,nan,nan,nan,nan,nan,nan,nan,1.3411436404962798,0.18289621886701168,0.5479187709911536,0.11790423645586093,-0.024136350693492934,nan,nan,nan,nan,nan,nan,nan,nan,nan,nan,nan,nan,nan,nan,nan,nan,nan,nan,nan,nan,nan,nan,nan,nan,nan,nan,nan,nan,nan,nan
1769213921.7808747,-0.12265346899056469,0.03308294921656894,1.5170333651061,-0.28176260279996607,1.0,0.10899010913935495,nan,nan,nan,nan,nan,nan,nan,nan,nan,nan,nan,nan,nan,nan,nan,nan,nan,nan,nan,nan,1.343642581048916,0.20240857214498817,0.5518786556082612,0.09067291719151901,-0.02213519152749535,nan,nan,nan,nan,nan,nan,nan,nan,nan,nan,nan,nan,nan,nan,nan,nan,nan,nan,nan,nan,nan,nan,nan,nan,nan,nan,nan,nan,nan,nan
1769213921.880829,-0.12198879461443139,0.04380403939909391,1.5149592472569497,-0.10046363236498967,1.0,0.24759526489719041,nan,nan,nan,nan,nan,nan,nan,nan,nan,nan,nan,nan,nan,nan,nan,nan,nan,nan,nan,nan,1.3425850337760954,0.22401599268625844,0.5542819718627188,0.09460557587370585,-0.0277073915409981,nan,nan,nan,nan,nan,nan,nan,nan,nan,nan,nan,nan,nan,nan,nan,nan,nan,nan,nan,nan,nan,nan,nan,nan,nan,nan,nan,nan,nan,nan
1769213921.9807503,-0.12126861942706252,0.05584009184379247,1.5141590965840688,-0.2264920063140253,1.0,0.14308747346375167,nan,nan,nan,nan,nan,nan,nan,nan,nan,nan,nan,nan,nan,nan,nan,nan,nan,nan,nan,nan,1.342519907384748,0.23894758306245287,0.5565100319191937,0.10280567311069712,-0.025130511791635796,nan,nan,nan,nan,nan,nan,nan,nan,nan,nan,nan,nan,nan,nan,nan,nan,nan,nan,nan,nan,nan,nan,nan,nan,nan,nan,nan,nan,nan,nan
1769213922.0808542,-0.12076666881025921,0.06912927199300874,1.5134848005440795,-0.3951673157933052,1.0,0.05978748079205751,nan,nan,nan,nan,nan,nan,nan,nan,nan,nan,nan,nan,nan,nan,nan,nan,nan,nan,nan,nan,1.336806142287322,0.25730036045226656,0.5584197026411084,0.09883056270116995,-0.009969921057251934,nan,nan,nan,nan,nan,nan,nan,nan,nan,nan,nan,nan,nan,nan,nan,nan,nan,nan,nan,nan,nan,nan,nan,nan,nan,nan,nan,nan,nan,nan
1769213922.1813111,-0.11992733729213739,0.08063732091234119,1.5107509190703508,-0.16586282598871677,1.0,0.18892352183615116,nan,nan,nan,nan,nan,nan,nan,nan,nan,nan,nan,nan,nan,nan,nan,nan,nan,nan,nan,nan,1.342790972154926,0.28201726382220677,0.5609165738791824,0.07526790727864213,-0.019470035156446287,nan,nan,nan,nan,nan,nan,nan,nan,nan,nan,nan,nan,nan,nan,nan,nan,nan,nan,nan,nan,nan,nan,nan,nan,nan,nan,nan,nan,nan,nan
1769213922.2807229,-0.11916527724744563,0.09153497863424445,1.5094140522705797,-0.20990055648810968,1.0,0.15475363484042362,nan,nan,nan,nan,nan,nan,nan,nan,nan,nan,nan,nan,nan,nan,nan,nan,nan,nan,nan,nan,1.34372969647201,0.30232643735665604,0.5633244688143044,0.07890551153731495,-0.014428066807840517,nan,nan,nan,nan,nan,nan,nan,nan,nan,nan,nan,nan,nan,nan,nan,nan,nan,nan,nan,nan,nan,nan,nan,nan,nan,nan,nan,nan,nan,nan
1769213922.3812656,-0.11852233635165106,0.1032271865637888,1.507551521810423,-0.32138201668088284,1.0,0.0888578175386855,nan,nan,nan,nan,nan,nan,nan,nan,nan,nan,nan,nan,nan,nan,nan,nan,nan,nan,nan,nan,1.343712066222233,0.3112076656322172,0.565274279398033,0.08705954625215268,-0.028336940236754475,nan,nan,nan,nan,nan,nan,nan,nan,nan,nan,nan,nan,nan,nan,nan,nan,nan,nan,nan,nan,nan,nan,nan,nan,nan,nan,nan,nan,nan,nan
1769213922.4808106,-0.11810790172212432,0.11476355934001005,1.504453605299932,-0.3376610454140376,1.0,0.08155243143079946,nan,nan,nan,nan,nan,nan,nan,nan,nan,nan,nan,nan,nan,nan,nan,nan,nan,nan,nan,nan,1.3356841375595987,0.32096053122117046,0.5648965565400553,0.08204446355957146,-0.027923087241229348,nan,nan,nan,nan,nan,nan,nan,nan,nan,nan,nan,nan,nan,nan,nan,nan,nan,nan,nan,nan,nan,nan,nan,nan,nan,nan,nan,nan,nan,nan
1769213922.5803614,-0.11735703419404937,0.1245401501893979,1.5039976451845556,-0.3191461126982988,1.0,0.08990378148337684,nan,nan,nan,nan,nan,nan,nan,nan,nan,nan,nan,nan,nan,nan,nan,nan,nan,nan,nan,nan,1.3443281640928402,0.34029795238899196,0.5679451976322488,0.07209587879895336,-0.03308452813141611,nan,nan,nan,nan,nan,nan,nan,nan,nan,nan,nan,nan,nan,nan,nan,nan,nan,nan,nan,nan,nan,nan,nan,nan,nan,nan,nan,nan,nan,nan
1769213922.6818888,-0.11676619181401376,0.13342242937843357,1.5034373971134414,-0.21970501618773275,1.0,0.1477790369356311,nan,nan,nan,nan,nan,nan,nan,nan,nan,nan,nan,nan,nan,nan,nan,nan,nan,nan,nan,nan,1.3345950237547068,0.35279639414073605,0.5669590062437885,0.09428087624088166,-0.014776879571008776,nan,nan,nan,nan,nan,nan,nan,nan,nan,nan,nan,nan,nan,nan,nan,nan,nan,nan,nan,nan,nan,nan,nan,nan,nan,nan,nan,nan,nan,nan
1769213922.7817354,-0.11607608188090295,0.14326157803061568,1.5026918087301129,-0.4799403383862858,1.0,0.03721840814690123,nan,nan,nan,nan,nan,nan,nan,nan,nan,nan,nan,nan,nan,nan,nan,nan,nan,nan,nan,nan,1.3304522277738164,0.35687971346324854,0.5656079110946077,0.10347170323105938,-0.02640853676254726,nan,nan,nan,nan,nan,nan,nan,nan,nan,nan,nan,nan,nan,nan,nan,nan,nan,nan,nan,nan,nan,nan,nan,nan,nan,nan,nan,nan,nan,nan
1769213922.8810885,-0.11516253163383036,0.15289434818958636,1.5033764886058114,-0.20245471288200872,1.0,0.16020585433187673,nan,nan,nan,nan,nan,nan,nan,nan,nan,nan,nan,nan,nan,nan,nan,nan,nan,nan,nan,nan,1.3416236278580413,0.3751907488232815,0.566955597128226,0.09750098798653499,-0.01753136036204337,nan,nan,nan,nan,nan,nan,nan,nan,nan,nan,nan,nan,nan,nan,nan,nan,nan,nan,nan,nan,nan,nan,nan,nan,nan,nan,nan,nan,nan,nan
1769213922.981345,-0.11465776036231465,0.16079888573945236,1.502515971703671,-0.3567981797406019,1.0,0.07363656380428686,nan,nan,nan,nan,nan,nan,nan,nan,nan,nan,nan,nan,nan,nan,nan,nan,nan,nan,nan,nan,1.3398677969551103,0.3856384494721337,0.5672320075353515,0.0886256017784122,-0.013726913967957487,nan,nan,nan,nan,nan,nan,nan,nan,nan,nan,nan,nan,nan,nan,nan,nan,nan,nan,nan,nan,nan,nan,nan,nan,nan,nan,nan,nan,nan,nan
1769213923.0810053,-0.11416522552104476,0.16960873532771872,1.5005728670158618,-0.33001095572763356,1.0,0.08491828152136711,nan,nan,nan,nan,nan,nan,nan,nan,nan,nan,nan,nan,nan,nan,nan,nan,nan,nan,nan,nan,1.3293378055658802,0.39412486966210913,0.5652524504609101,0.08534361113547002,-0.011358834966367668,nan,nan,nan,nan,nan,nan,nan,nan,nan,nan,nan,nan,nan,nan,nan,nan,nan,nan,nan,nan,nan,nan,nan,nan,nan,nan,nan,nan,nan,nan
1769213923.1809566,-0.1132437792736834,0.17827839997607203,1.5022229437263184,-0.3063102710471833,1.0,0.09611307342026784,nan,nan,nan,nan,nan,nan,nan,nan,nan,nan,nan,nan,nan,nan,nan,nan,nan,nan,nan,nan,1.3316748165020433,0.4037480625196808,0.564510507397205,0.09040138108703714,-0.029540654936037927,nan,nan,nan,nan,nan,nan,nan,nan,nan,nan,nan,nan,nan,nan,nan,nan,nan,nan,nan,nan,nan,nan,nan,nan,nan,nan,nan,nan,nan,nan
1769213923.2805262,-0.11255386520972797,0.18653493863299248,1.5027206309612204,-0.41324586966750626,1.0,0.05411673962031087,nan,nan,nan,nan,nan,nan,nan,nan,nan,nan,nan,nan,nan,nan,nan,nan,nan,nan,nan,nan,1.3399886913617278,0.41621875541704173,0.5654855406052308,0.09055569079895814,-0.015639644648239533,nan,nan,nan,nan,nan,nan,nan,nan,nan,nan,nan,nan,nan,nan,nan,nan,nan,nan,nan,nan,nan,nan,nan,nan,nan,nan,nan,nan,nan,nan
1769213923.3807766,-0.1120311442032632,0.19371872267771825,1.502578357103732,-0.22266405914077683,1.0,0.14571984391213158,nan,nan,nan,nan,nan,nan,nan,nan,nan,nan,nan,nan,nan,nan,nan,nan,nan,nan,nan,nan,1.3278620168820017,0.4294043331533916,0.5639320209013253,0.061484454579907886,-0.018832627156336684,nan,nan,nan,nan,nan,nan,nan,nan,nan,nan,nan,nan,nan,nan,nan,nan,nan,nan,nan,nan,nan,nan,nan,nan,nan,nan,nan,nan,nan,nan
1769213923.4816103,-0.11142286747088728,0.2019221415832925,1.5023942512000192,-0.5356358339881606,1.0,0.027054395748907056,nan,nan,nan,nan,nan,nan,nan,nan,nan,nan,nan,nan,nan,nan,nan,nan,nan,nan,nan,nan,1.3344655986515093,0.44067193174946434,0.5637862386761197,0.10620766137493198,-0.02812793685417317,nan,nan,nan,nan,nan,nan,nan,nan,nan,nan,nan,nan,nan,nan,nan,nan,nan,nan,nan,nan,nan,nan,nan,nan,nan,nan,nan,nan,nan,nan
1769213923.5824728,-0.11075732669314044,0.20940626794889514,1.50245597433154,-0.19232616293668306,1.0,0.16783694710522193,nan,nan,nan,nan,nan,nan,nan,nan,nan,nan,nan,nan,nan,nan,nan,nan,nan,nan,nan,nan,1.3422453526169034,0.4637406875061598,0.5655185262147587,0.05891359973675072,-0.019967206239926788,nan,nan,nan,nan,nan,nan,nan,nan,nan,nan,nan,nan,nan,nan,nan,nan,nan,nan,nan,nan,nan,nan,nan,nan,nan,nan,nan,nan,nan,nan
1769213923.6812081,-0.1105003509859377,0.21524882013080415,1.500826746953278,-0.3883919518253033,1.0,0.06204817277676348,nan,nan,nan,nan,nan,nan,nan,nan,nan,nan,nan,nan,nan,nan,nan,nan,nan,nan,nan,nan,1.3243165998480801,0.47161427409852197,0.5629171833567562,0.09118848832544504,-0.01717678818127869,nan,nan,nan,nan,nan,nan,nan,nan,nan,nan,nan,nan,nan,nan,nan,nan,nan,nan,nan,nan,nan,nan,nan,nan,nan,nan,nan,nan,nan,nan
1769213923.7808454,-0.10994319822037388,0.2237178096979989,1.4986416357422692,-0.41630000637025877,1.0,0.0532087846481929,nan,nan,nan,nan,nan,nan,nan,nan,nan,nan,nan,nan,nan,nan,nan,nan,nan,nan,nan,nan,1.3408041319081143,0.4786150950150059,0.5626830275829807,0.07098921738346506,-0.023590065472212415,nan,nan,nan,nan,nan,nan,nan,nan,nan,nan,nan,nan,nan,nan,nan,nan,nan,nan,nan,nan,nan,nan,nan,nan,nan,nan,nan,nan,nan,nan
1769213923.881069,-0.10949351904215501,0.22993519410078364,1.4979111409069032,-0.2572948275925511,1.0,0.12319163212422996,nan,nan,nan,nan,nan,nan,nan,nan,nan,nan,nan,nan,nan,nan,nan,nan,nan,nan,nan,nan,1.333626762401165,0.49554741995781426,0.5619988585357119,0.068150282367126,-0.030009205606071544,nan,nan,nan,nan,nan,nan,nan,nan,nan,nan,nan,nan,nan,nan,nan,nan,nan,nan,nan,nan,nan,nan,nan,nan,nan,nan,nan,nan,nan,nan
1769213923.980932,-0.10893862196085659,0.23765930583105063,1.4965555039538498,-0.47278552131705615,1.0,0.03876054720644474,nan,nan,nan,nan,nan,nan,nan,nan,nan,nan,nan,nan,nan,nan,nan,nan,nan,nan,nan,nan,1.3337202771884966,0.5038377286971812,0.5619020032706221,0.08783828633042179,-0.01813272029637144,nan,nan,nan,nan,nan,nan,nan,nan,nan,nan,nan,nan,nan,nan,nan,nan,nan,nan,nan,nan,nan,nan,nan,nan,nan,nan,nan,nan,nan,nan
1769213924.080685,-0.10838575861296076,0.24486903368976082,1.4954598867149562,-0.34758251797300765,1.0,0.07736024384231377,nan,nan,nan,nan,nan,nan,nan,nan,nan,nan,nan,nan,nan,nan,nan,nan,nan,nan,nan,nan,1.3416805732799055,0.5236627702054886,0.5636184362694332,0.06366278488620927,-0.01782110447953825,nan,nan,nan,nan,nan,nan,nan,nan,nan,nan,nan,nan,nan,nan,nan,nan,nan,nan,nan,nan,nan,nan,nan,nan,nan,nan,nan,nan,nan,nan
1769213924.1803963,-0.10782002843170226,0.25197624437921684,1.4943005727423766,-0.39099976485896537,1.0,0.06116904629259873,nan,nan,nan,nan,nan,nan,nan,nan,nan,nan,nan,nan,nan,nan,nan,nan,nan,nan,nan,nan,1.3381776427475074,0.5357298166314265,0.56385755236123,0.06656304524720756,-0.008360492047289633,nan,nan,nan,nan,nan,nan,nan,nan,nan,nan,nan,nan,nan,nan,nan,nan,nan,nan,nan,nan,nan,nan,nan,nan,nan,nan,nan,nan,nan,nan
1769213924.280471,-0.10730197247320476,0.25891849195518984,1.4933034665029834,-0.39530572729099206,1.0,0.05974208555725789,nan,nan,nan,nan,nan,nan,nan,nan,nan,nan,nan,nan,nan,nan,nan,nan,nan,nan,nan,nan,1.3381391535313862,0.552072196346382,0.5641702556932309,0.07720238157794113,-0.01185252876418286,nan,nan,nan,nan,nan,nan,nan,nan,nan,nan,nan,nan,nan,nan,nan,nan,nan,nan,nan,nan,nan,nan,nan,nan,nan,nan,nan,nan,nan,nan
1769213924.3813882,-0.10676860927142,0.2653554769296252,1.492555135504885,-0.34217153935646616,1.0,0.07962265604608601,nan,nan,nan,nan,nan,nan,nan,nan,nan,nan,nan,nan,nan,nan,nan,nan,nan,nan,nan,nan,1.3329689444168473,0.5664979693839138,0.5634554519991967,0.07070598371729257,-0.007788221930336004,nan,nan,nan,nan,nan,nan,nan,nan,nan,nan,nan,nan,nan,nan,nan,nan,nan,nan,nan,nan,nan,nan,nan,nan,nan,nan,nan,nan,nan,nan
1769213924.4812605,-0.10622268532808887,0.27198633293099317,1.4917279148230467,-0.4598675171007999,1.0,0.04169821661805597,nan,nan,nan,nan,nan,nan,nan,nan,nan,nan,nan,nan,nan,nan,nan,nan,nan,nan,nan,nan,1.3413916662899206,0.5832413506125214,0.5649452960194536,0.07771751859998956,-0.027363584812194742,nan,nan,nan,nan,nan,nan,nan,nan,nan,nan,nan,nan,nan,nan,nan,nan,nan,nan,nan,nan,nan,nan,nan,nan,nan,nan,nan,nan,nan,nan
1769213924.5818906,-0.10572138386582208,0.27833259813279854,1.490770081894756,-0.2341131964639016,1.0,0.13795225234005087,nan,nan,nan,nan,nan,nan,nan,nan,nan,nan,nan,nan,nan,nan,nan,nan,nan,nan,nan,nan,1.3381017775884156,0.6048173656368274,0.5650317382046918,0.05570384554720058,-0.012976481347189464,nan,nan,nan,nan,nan,nan,nan,nan,nan,nan,nan,nan,nan,nan,nan,nan,nan,nan,nan,nan,nan,nan,nan,nan,nan,nan,nan,nan,nan,nan
1769213924.681555,-0.1052138613662406,0.285250985014597,1.489727071566271,-0.6792674718075457,1.0,0.01168885875580703,nan,nan,nan,nan,nan,nan,nan,nan,nan,nan,nan,nan,nan,nan,nan,nan,nan,nan,nan,nan,1.341104981623041,0.6170732653167355,0.5662572131912101,0.06974153294564424,-0.02026682578166497,nan,nan,nan,nan,nan,nan,nan,nan,nan,nan,nan,nan,nan,nan,nan,nan,nan,nan,nan,nan,nan,nan,nan,nan,nan,nan,nan,nan,nan,nan
1769213924.7812123,-0.10473068731662605,0.2919379215550718,1.4895793553614665,-0.44770649548054026,1.0,0.04465318390499922,nan,nan,nan,nan,nan,nan,nan,nan,nan,nan,nan,nan,nan,nan,nan,nan,nan,nan,nan,nan,1.3406707712115287,0.6374561818491132,0.566891642519851,0.05739691016664085,-0.021922669252335557,nan,nan,nan,nan,nan,nan,nan,nan,nan,nan,nan,nan,nan,nan,nan,nan,nan,nan,nan,nan,nan,nan,nan,nan,nan,nan,nan,nan,nan,nan
1769213924.8818107,-0.10381715335904566,0.29681256466988315,1.491937060963269,-5.498754412976442e-05,1.0,0.34994226307918747,nan,nan,nan,nan,nan,nan,nan,nan,nan,nan,nan,nan,nan,nan,nan,nan,nan,nan,nan,nan,1.3081035569229122,0.6408703917084669,0.5630986651496193,0.023558760526937252,0.031484090166480044,nan,nan,nan,nan,nan,nan,nan,nan,nan,nan,nan,nan,nan,nan,nan,nan,nan,nan,nan,nan,nan,nan,nan,nan,nan,nan,nan,nan,nan,nan
1769213924.9803698,-0.10300501600525179,0.30246366178349426,1.4908616443560807,-6.176694100738469e-05,1.0,0.34993514471268455,nan,nan,nan,nan,nan,nan,nan,nan,nan,nan,nan,nan,nan,nan,nan,nan,nan,nan,nan,nan,1.3434581891286779,0.6474039666002582,0.5654712162960666,0.011767128380771331,0.079975085107264,nan,nan,nan,nan,nan,nan,nan,nan,nan,nan,nan,nan,nan,nan,nan,nan,nan,nan,nan,nan,nan,nan,nan,nan,nan,nan,nan,nan,nan,nan
1769213925.0798109,-0.1018087873582214,0.31257888681556883,1.485507804237909,-6.990107022284386e-05,1.0,0.34992660387734187,nan,nan,nan,nan,nan,nan,nan,nan,nan,nan,nan,nan,nan,nan,nan,nan,nan,nan,nan,nan,1.3132866849907514,0.6066545452669116,0.5597987148524132,0.01787748151384655,0.12502198476934592,nan,nan,nan,nan,nan,nan,nan,nan,nan,nan,nan,nan,nan,nan,nan,nan,nan,nan,nan,nan,nan,nan,nan,nan,nan,nan,nan,nan,nan,nan
1769213925.1807992,-0.10059080440796683,0.3249853451316487,1.4801649055675694,-0.008636569808052484,1.0,0.34093363040147345,nan,nan,nan,nan,nan,nan,nan,nan,nan,nan,nan,nan,nan,nan,nan,nan,nan,nan,nan,nan,1.2871516027486283,0.5895816162884482,0.555011921354952,0.027661796174674593,0.14100910177199025,nan,nan,nan,nan,nan,nan,nan,nan,nan,nan,nan,nan,nan,nan,nan,nan,nan,nan,nan,nan,nan,nan,nan,nan,nan,nan,nan,nan,nan,nan
1769213925.2822642,-0.0990197226176115,0.3384649658395578,1.469788068884283,-0.4869963137045087,1.0,0.03575442510307575,nan,nan,nan,nan,nan,nan,nan,nan,nan,nan,nan,nan,nan,nan,nan,nan,nan,nan,nan,nan,1.2890301949410647,0.5720159967760081,0.5509512572318538,0.06320349990978034,0.14393039164688007,nan,nan,nan,nan,nan,nan,nan,nan,nan,nan,nan,nan,nan,nan,nan,nan,nan,nan,nan,nan,nan,nan,nan,nan,nan,nan,nan,nan,nan,nan
1769213925.3825994,-0.09686680921791249,0.3517664189852328,1.468807485907596,-3.0427434504302755e-05,1.0,0.3499680511938592,nan,nan,nan,nan,nan,nan,nan,nan,nan,nan,nan,nan,nan,nan,nan,nan,nan,nan,nan,nan,1.2819731466498396,0.5474335588493857,0.5466455909534218,0.07857152915756925,0.13403672598053626,nan,nan,nan,nan,nan,nan,nan,nan,nan,nan,nan,nan,nan,nan,nan,nan,nan,nan,nan,nan,nan,nan,nan,nan,nan,nan,nan,nan,nan,nan
1769213925.4802353,-0.09505747746432197,0.36234377387002736,1.4696355602088302,-3.283377755309799e-05,1.0,0.34996552453368074,nan,nan,nan,nan,nan,nan,nan,nan,nan,nan,nan,nan,nan,nan,nan,nan,nan,nan,nan,nan,1.2813780301545148,0.5297942799667245,0.5427064210278976,0.07998734095315535,0.1260705548833291,nan,nan,nan,nan,nan,nan,nan,nan,nan,nan,nan,nan,nan,nan,nan,nan,nan,nan,nan,nan,nan,nan,nan,nan,nan,nan,nan,nan,nan,nan
1769213925.5800033,-0.09204367622241248,0.37609608748166246,1.4768928428827384,-0.01914550212063739,1.0,0.32991929967567146,nan,nan,nan,nan,nan,nan,nan,nan,nan,nan,nan,nan,nan,nan,nan,nan,nan,nan,nan,nan,1.2942054423574232,0.5116939726691916,0.5402087158120107,0.0682486896335054,0.1643817586488498,nan,nan,nan,nan,nan,nan,nan,nan,nan,nan,nan,nan,nan,nan,nan,nan,nan,nan,nan,nan,nan,nan,nan,nan,nan,nan,nan,nan,nan,nan
1769213925.6818755,-0.08971043654623642,0.39179020933347625,1.4848161552913632,-0.9608523726988293,1.0,0.0021876676266165684,nan,nan,nan,nan,nan,nan,nan,nan,nan,nan,nan,nan,nan,nan,nan,nan,nan,nan,nan,nan,1.2819866386217376,0.49771476028299444,0.5373017285408034,0.07398179683778916,0.1713719274479113,nan,nan,nan,nan,nan,nan,nan,nan,nan,nan,nan,nan,nan,nan,nan,nan,nan,nan,nan,nan,nan,nan,nan,nan,nan,nan,nan,nan,nan,nan
1769213925.7832232,-0.08752236505468927,0.4057573551650835,1.4936168496847329,-5.8515330972856894e-05,1.0,0.3499385589031096,nan,nan,nan,nan,nan,nan,nan,nan,nan,nan,nan,nan,nan,nan,nan,nan,nan,nan,nan,nan,1.282731225931447,0.474748676313111,0.5344709904065276,0.0883476207609615,0.12277016148885622,nan,nan,nan,nan,nan,nan,nan,nan,nan,nan,nan,nan,nan,nan,nan,nan,nan,nan,nan,nan,nan,nan,nan,nan,nan,nan,nan,nan,nan,nan
1769213925.881264,-0.08581791832503284,0.4161050189846801,1.503322417746084,-0.9831849409151714,1.0,0.0019140713239535867,nan,nan,nan,nan,nan,nan,nan,nan,nan,nan,nan,nan,nan,nan,nan,nan,nan,nan,nan,nan,1.2816481335217267,0.45800136249843904,0.531711371568728,0.11042434336849423,0.10586733885261426,nan,nan,nan,nan,nan,nan,nan,nan,nan,nan,nan,nan,nan,nan,nan,nan,nan,nan,nan,nan,nan,nan,nan,nan,nan,nan,nan,nan,nan,nan
1769213925.9791,-0.08336478918572617,0.42685078826986966,1.524965247964379,-0.9902577605952256,1.0,0.001834751878579266,nan,nan,nan,nan,nan,nan,nan,nan,nan,nan,nan,nan,nan,nan,nan,nan,nan,nan,nan,nan,1.2800212891524487,0.44479729462897655,0.5290994744555267,0.11162859968904704,0.10217317760310966,nan,nan,nan,nan,nan,nan,nan,nan,nan,nan,nan,nan,nan,nan,nan,nan,nan,nan,nan,nan,nan,nan,nan,nan,nan,nan,nan,nan,nan,nan
1769213926.0810304,-0.08262854474594332,0.43334203230119817,1.53126486239021,-0.8356239239788182,1.0,0.004621469837501007,nan,nan,nan,nan,nan,nan,nan,nan,nan,nan,nan,nan,nan,nan,nan,nan,nan,nan,nan,nan,1.2911360206684812,0.4478755788898717,0.5276587456487388,0.0660604878728658,0.05203659294183426,nan,nan,nan,nan,nan,nan,nan,nan,nan,nan,nan,nan,nan,nan,nan,nan,nan,nan,nan,nan,nan,nan,nan,nan,nan,nan,nan,nan,nan,nan
1769213926.1812882,-0.08145951777572565,0.43659350795321455,1.5431750224734189,-0.04883771612593349,1.0,0.299084199030849,nan,nan,nan,nan,nan,nan,nan,nan,nan,nan,nan,nan,nan,nan,nan,nan,nan,nan,nan,nan,1.2970867982683005,0.4655645077832268,0.5284428547633334,0.038587996300329684,0.009938862478305858,nan,nan,nan,nan,nan,nan,nan,nan,nan,nan,nan,nan,nan,nan,nan,nan,nan,nan,nan,nan,nan,nan,nan,nan,nan,nan,nan,nan,nan,nan
1769213926.2800941,-0.08088517132055831,0.4391058788291236,1.5451418721523964,-0.5131676077581291,1.0,0.0307871243720347,nan,nan,nan,nan,nan,nan,nan,nan,nan,nan,nan,nan,nan,nan,nan,nan,nan,nan,nan,nan,1.3225460121085337,0.48979597657122115,0.529971405144,0.05766289613388772,-0.007922715557706243,nan,nan,nan,nan,nan,nan,nan,nan,nan,nan,nan,nan,nan,nan,nan,nan,nan,nan,nan,nan,nan,nan,nan,nan,nan,nan,nan,nan,nan,nan
1769213926.3806827,-0.08018441568193667,0.44412635073638856,1.5529401660378204,-0.9791081337492259,1.0,0.0019613356432421846,nan,nan,nan,nan,nan,nan,nan,nan,nan,nan,nan,nan,nan,nan,nan,nan,nan,nan,nan,nan,1.2843587652237782,0.46823944610189216,0.5278276143750117,0.0541331449200549,0.05225497228075033,nan,nan,nan,nan,nan,nan,nan,nan,nan,nan,nan,nan,nan,nan,nan,nan,nan,nan,nan,nan,nan,nan,nan,nan,nan,nan,nan,nan,nan,nan
1769213926.4812405,-0.07979380800954587,0.44862467373576786,1.5520922962804893,-5.869472068209247e-05,1.0,0.34993837054392074,nan,nan,nan,nan,nan,nan,nan,nan,nan,nan,nan,nan,nan,nan,nan,nan,nan,nan,nan,nan,1.3373587247648968,0.5065329070254172,0.5322293692938403,0.011836410045685813,0.02115473164332865,nan,nan,nan,nan,nan,nan,nan,nan,nan,nan,nan,nan,nan,nan,nan,nan,nan,nan,nan,nan,nan,nan,nan,nan,nan,nan,nan,nan,nan,nan
1769213926.580168,-0.07935339843099427,0.45351766995498455,1.5575658347307142,-0.0020447217685806785,1.0,0.34785306907115027,nan,nan,nan,nan,nan,nan,nan,nan,nan,nan,nan,nan,nan,nan,nan,nan,nan,nan,nan,nan,1.343370091338491,0.534177175766147,0.5383370984562523,0.019328989957916307,0.07619170851664385,nan,nan,nan,nan,nan,nan,nan,nan,nan,nan,nan,nan,nan,nan,nan,nan,nan,nan,nan,nan,nan,nan,nan,nan,nan,nan,nan,nan,nan,nan
1769213926.6796253,-0.0785018879450992,0.4634319336543551,1.5672395530581462,-0.0006437478414182188,1.0,0.34932406560685514,nan,nan,nan,nan,nan,nan,nan,nan,nan,nan,nan,nan,nan,nan,nan,nan,nan,nan,nan,nan,1.337648985051723,0.5320433903372079,0.5408778205671542,0.02363691295439677,0.1219799924227606,nan,nan,nan,nan,nan,nan,nan,nan,nan,nan,nan,nan,nan,nan,nan,nan,nan,nan,nan,nan,nan,nan,nan,nan,nan,nan,nan,nan,nan,nan
1769213926.7805052,-0.07771543257928969,0.4779600870508626,1.5753624705966942,-0.04626794096182223,1.0,0.30172827362541804,nan,nan,nan,nan,nan,nan,nan,nan,nan,nan,nan,nan,nan,nan,nan,nan,nan,nan,nan,nan,1.3357760546106303,0.5237900324423106,0.5428306674163158,0.02628178782242197,0.11834482288867963,nan,nan,nan,nan,nan,nan,nan,nan,nan,nan,nan,nan,nan,nan,nan,nan,nan,nan,nan,nan,nan,nan,nan,nan,nan,nan,nan,nan,nan,nan
1769213926.8805583,-0.07706829300648614,0.49249132176457633,1.5885295013566552,-0.3917233181332947,1.0,0.060927130929861066,nan,nan,nan,nan,nan,nan,nan,nan,nan,nan,nan,nan,nan,nan,nan,nan,nan,nan,nan,nan,1.295753541965335,0.504038259511174,0.5402984303707798,0.031023149223662966,0.14657894628933324,nan,nan,nan,nan,nan,nan,nan,nan,nan,nan,nan,nan,nan,nan,nan,nan,nan,nan,nan,nan,nan,nan,nan,nan,nan,nan,nan,nan,nan,nan
1769213926.9804513,-0.07617139275596999,0.5068157724246055,1.6049101469871776,-0.9685754010985789,1.0,0.0020889035666278033,nan,nan,nan,nan,nan,nan,nan,nan,nan,nan,nan,nan,nan,nan,nan,nan,nan,nan,nan,nan,1.286655558709974,0.4871416553819326,0.5373315319226166,0.024607037946104814,0.12594804129615364,nan,nan,nan,nan,nan,nan,nan,nan,nan,nan,nan,nan,nan,nan,nan,nan,nan,nan,nan,nan,nan,nan,nan,nan,nan,nan,nan,nan,nan,nan
1769213927.080317,-0.07610419387492685,0.516805061037327,1.6104322436600353,-0.45932330338527116,1.0,0.0418264466769904,nan,nan,nan,nan,nan,nan,nan,nan,nan,nan,nan,nan,nan,nan,nan,nan,nan,nan,nan,nan,1.2866989859650662,0.4929049607240311,0.534744738722449,0.02147463350108111,0.08393431415509674,nan,nan,nan,nan,nan,nan,nan,nan,nan,nan,nan,nan,nan,nan,nan,nan,nan,nan,nan,nan,nan,nan,nan,nan,nan,nan,nan,nan,nan,nan
1769213927.1813817,-0.07574317200611468,0.5238366815710788,1.6189647225301234,-0.9822570456538031,1.0,0.0019247280067410221,nan,nan,nan,nan,nan,nan,nan,nan,nan,nan,nan,nan,nan,nan,nan,nan,nan,nan,nan,nan,1.2862405821529361,0.4999892062169787,0.5322751051712739,0.016819918345841945,0.07819527131386883,nan,nan,nan,nan,nan,nan,nan,nan,nan,nan,nan,nan,nan,nan,nan,nan,nan,nan,nan,nan,nan,nan,nan,nan,nan,nan,nan,nan,nan,nan
1769213927.282221,-0.07574779700340725,0.5297836548394188,1.620637928475981,-5.873048081169501e-05,1.0,0.3499383329957858,nan,nan,nan,nan,nan,nan,nan,nan,nan,nan,nan,nan,nan,nan,nan,nan,nan,nan,nan,nan,1.3030904326285444,0.4815023484208596,0.5314936551350736,0.009204867710494924,0.03782444014038339,nan,nan,nan,nan,nan,nan,nan,nan,nan,nan,nan,nan,nan,nan,nan,nan,nan,nan,nan,nan,nan,nan,nan,nan,nan,nan,nan,nan,nan,nan
1769213927.379772,-0.0755462632532841,0.5339162870333256,1.6267542774569974,-6.630876154496683e-05,1.0,0.34993037580129616,nan,nan,nan,nan,nan,nan,nan,nan,nan,nan,nan,nan,nan,nan,nan,nan,nan,nan,nan,nan,1.3361693546255564,0.5456999136839199,0.5347520771415999,0.009473098743089657,0.04617911572486369,nan,nan,nan,nan,nan,nan,nan,nan,nan,nan,nan,nan,nan,nan,nan,nan,nan,nan,nan,nan,nan,nan,nan,nan,nan,nan,nan,nan,nan,nan
1769213927.481008,-0.07486141894239423,0.5427592435652605,1.6414029380950086,-7.51317452142036e-05,1.0,0.349921111668861,nan,nan,nan,nan,nan,nan,nan,nan,nan,nan,nan,nan,nan,nan,nan,nan,nan,nan,nan,nan,1.2963881278706113,0.4856916261481135,0.5365521955082043,0.0175472905758763,0.09741007763395888,nan,nan,nan,nan,nan,nan,nan,nan,nan,nan,nan,nan,nan,nan,nan,nan,nan,nan,nan,nan,nan,nan,nan,nan,nan,nan,nan,nan,nan,nan
1769213927.5807645,-0.07516421662200125,0.5546432554971481,1.6467426652620947,-0.043715094965424986,1.0,0.3043605033036824,nan,nan,nan,nan,nan,nan,nan,nan,nan,nan,nan,nan,nan,nan,nan,nan,nan,nan,nan,nan,1.3093270724106851,0.4861911274785888,0.5359279860257912,0.02713481963012797,0.11976268039971011,nan,nan,nan,nan,nan,nan,nan,nan,nan,nan,nan,nan,nan,nan,nan,nan,nan,nan,nan,nan,nan,nan,nan,nan,nan,nan,nan,nan,nan,nan
1769213927.6807373,-0.07483793543082178,0.5657580662847219,1.662927574784608,-0.001913284619656975,1.0,0.3479910732112937,nan,nan,nan,nan,nan,nan,nan,nan,nan,nan,nan,nan,nan,nan,nan,nan,nan,nan,nan,nan,1.3053521265380856,0.49429727005003055,0.5348412780761007,0.025339922870871754,0.07302900761812475,nan,nan,nan,nan,nan,nan,nan,nan,nan,nan,nan,nan,nan,nan,nan,nan,nan,nan,nan,nan,nan,nan,nan,nan,nan,nan,nan,nan,nan,nan
1769213927.780258,-0.07263831290140897,0.5695073924938477,1.700848762385879,-3.387492855205176e-05,1.0,0.34996443132514277,nan,nan,nan,nan,nan,nan,nan,nan,nan,nan,nan,nan,nan,nan,nan,nan,nan,nan,nan,nan,1.2983897367662407,0.5404619350821482,0.536211761997998,0.002963532871661662,0.0017083690794601032,nan,nan,nan,nan,nan,nan,nan,nan,nan,nan,nan,nan,nan,nan,nan,nan,nan,nan,nan,nan,nan,nan,nan,nan,nan,nan,nan,nan,nan,nan
1769213927.881097,-0.07169971285682089,0.5696608836351718,1.70804946549946,-3.6092031445524156e-05,1.0,0.3499621033671303,nan,nan,nan,nan,nan,nan,nan,nan,nan,nan,nan,nan,nan,nan,nan,nan,nan,nan,nan,nan,1.2930684701525985,0.44362036723767834,0.5341021288400217,0.004030484405117802,0.0035681445522760505,nan,nan,nan,nan,nan,nan,nan,nan,nan,nan,nan,nan,nan,nan,nan,nan,nan,nan,nan,nan,nan,nan,nan,nan,nan,nan,nan,nan,nan,nan
1769213927.9810674,-0.0714676925402188,0.5697774974714864,1.7082686509727358,-2.1428595847851434e-09,0.0,0.3499999977499974,nan,nan,nan,nan,nan,nan,nan,nan,nan,nan,nan,nan,nan,nan,nan,nan,nan,nan,nan,nan,1.2930684701525985,0.5260240616994425,0.5357655238306762,0.0053531208219531265,-0.006743368229626278,nan,nan,nan,nan,nan,nan,nan,nan,nan,nan,nan,nan,nan,nan,nan,nan,nan,nan,nan,nan,nan,nan,nan,nan,nan,nan,nan,nan,nan,nan
1769213928.0838938,-0.07130701462912606,0.5698719822123828,1.7066545303022282,-1.379803429930432e-13,1.0,0.3499999999998551,nan,nan,nan,nan,nan,nan,nan,nan,nan,nan,nan,nan,nan,nan,nan,nan,nan,nan,nan,nan,1.3439624235830148,0.5473270012644621,0.5341976037099118,-0.0016309021519694904,-0.00858375135366362,nan,nan,nan,nan,nan,nan,nan,nan,nan,nan,nan,nan,nan,nan,nan,nan,nan,nan,nan,nan,nan,nan,nan,nan,nan,nan,nan,nan,nan,nan
1769213928.1815617,-0.07123217289863369,0.5699296785283537,1.7066923981901045,-2.4348041010672978e-11,1.0,0.34999999997443454,nan,nan,nan,nan,nan,nan,nan,nan,nan,nan,nan,nan,nan,nan,nan,nan,nan,nan,nan,nan,1.3397332764511916,0.4235522141019228,0.5375464845863281,-0.0016904105770810152,0.005650586400689453,nan,nan,nan,nan,nan,nan,nan,nan,nan,nan,nan,nan,nan,nan,nan,nan,nan,nan,nan,nan,nan,nan,nan,nan,nan,nan,nan,nan,nan,nan
1769213928.278891,-0.07112090897756199,0.5699511007533238,1.7067711648582407,-2.7375314109666665e-08,1.0,0.34999997125592014,nan,nan,nan,nan,nan,nan,nan,nan,nan,nan,nan,nan,nan,nan,nan,nan,nan,nan,nan,nan,1.319624470035476,0.5571257970494067,0.5360303089456024,-0.004137451004751221,0.00751581228706209,nan,nan,nan,nan,nan,nan,nan,nan,nan,nan,nan,nan,nan,nan,nan,nan,nan,nan,nan,nan,nan,nan,nan,nan,nan,nan,nan,nan,nan,nan
1769213928.379046,-0.07101777323284042,0.5699530810940405,1.70614765639257,-3.076883179966887e-05,1.0,0.3499676927267021,nan,nan,nan,nan,nan,nan,nan,nan,nan,nan,nan,nan,nan,nan,nan,nan,nan,nan,nan,nan,1.3335030086381021,0.6078661713039856,0.5376486072763688,0.007983642752754419,0.004887499734479486,nan,nan,nan,nan,nan,nan,nan,nan,nan,nan,nan,nan,nan,nan,nan,nan,nan,nan,nan,nan,nan,nan,nan,nan,nan,nan,nan,nan,nan,nan
1769213928.4795144,-0.07088613027225371,0.5700834374579882,1.7048104222241995,-3.311998619717558e-05,1.0,0.3499652240146074,nan,nan,nan,nan,nan,nan,nan,nan,nan,nan,nan,nan,nan,nan,nan,nan,nan,nan,nan,nan,1.3095921043177743,0.4633719082157475,0.5367733924914954,0.0014377462319310667,-0.007923891604259914,nan,nan,nan,nan,nan,nan,nan,nan,nan,nan,nan,nan,nan,nan,nan,nan,nan,nan,nan,nan,nan,nan,nan,nan,nan,nan,nan,nan,nan,nan
1769213928.579453,-0.07067745140029562,0.570104126331809,1.7045846658249848,-3.531732909775862e-05,1.0,0.34996291680458613,nan,nan,nan,nan,nan,nan,nan,nan,nan,nan,nan,nan,nan,nan,nan,nan,nan,nan,nan,nan,1.33881414112084,0.495496013328717,0.5400896303627275,0.002533160271842699,0.002430069374807718,nan,nan,nan,nan,nan,nan,nan,nan,nan,nan,nan,nan,nan,nan,nan,nan,nan,nan,nan,nan,nan,nan,nan,nan,nan,nan,nan,nan,nan,nan
1769213928.679455,-0.07063337897211075,0.5700632065055702,1.704977219252819,-3.764390239746962e-05,1.0,0.34996047390265067,nan,nan,nan,nan,nan,nan,nan,nan,nan,nan,nan,nan,nan,nan,nan,nan,nan,nan,nan,nan,1.3441267533432044,0.6369386741759013,0.545239152356094,-0.01054767522944093,-0.004429582830718856,nan,nan,nan,nan,nan,nan,nan,nan,nan,nan,nan,nan,nan,nan,nan,nan,nan,nan,nan,nan,nan,nan,nan,nan,nan,nan,nan,nan,nan,nan
1769213928.7810216,-0.07060737948084198,0.5700947165021054,1.7043044499668523,-2.2349974169581206e-09,0.0,0.3499999976532527,nan,nan,nan,nan,nan,nan,nan,nan,nan,nan,nan,nan,nan,nan,nan,nan,nan,nan,nan,nan,1.3441267533432044,0.6724353306480609,0.546858198921929,0.004353959211086303,-0.002404147225350164,nan,nan,nan,nan,nan,nan,nan,nan,nan,nan,nan,nan,nan,nan,nan,nan,nan,nan,nan,nan,nan,nan,nan,nan,nan,nan,nan,nan,nan,nan
1769213928.8818872,-0.0704656055616085,0.570244664862844,1.703769909241176,-1.4456583524559518e-13,1.0,0.3499999999998482,nan,nan,nan,nan,nan,nan,nan,nan,nan,nan,nan,nan,nan,nan,nan,nan,nan,nan,nan,nan,1.3045374037153004,0.5495603435124076,0.5446596116931116,0.006947614082623989,0.006857970030266437,nan,nan,nan,nan,nan,nan,nan,nan,nan,nan,nan,nan,nan,nan,nan,nan,nan,nan,nan,nan,nan,nan,nan,nan,nan,nan,nan,nan,nan,nan
1769213928.9809635,-0.07030431564667472,0.5702018931487728,1.7042904992157313,-0.03222612750091338,1.0,0.3162675963565144,nan,nan,nan,nan,nan,nan,nan,nan,nan,nan,nan,nan,nan,nan,nan,nan,nan,nan,nan,nan,1.2883552751417437,0.5990567957826339,0.5413972047083658,-0.0016538628338875845,0.004107293650799663,nan,nan,nan,nan,nan,nan,nan,nan,nan,nan,nan,nan,nan,nan,nan,nan,nan,nan,nan,nan,nan,nan,nan,nan,nan,nan,nan,nan,nan,nan
1769213929.0808284,-0.07032022717776104,0.570054450454788,1.7050737032675614,-1.91175077225104e-06,0.0,0.34999799266168913,nan,nan,nan,nan,nan,nan,nan,nan,nan,nan,nan,nan,nan,nan,nan,nan,nan,nan,nan,nan,1.2883552751417437,0.6636050295955995,0.5385249340434611,-0.0019577388837432787,0.0040673198677521885,nan,nan,nan,nan,nan,nan,nan,nan,nan,nan,nan,nan,nan,nan,nan,nan,nan,nan,nan,nan,nan,nan,nan,nan,nan,nan,nan,nan,nan,nan
1769213929.1832778,-0.07034052600254824,0.5701880097323136,1.705291823339734,-1.191892023317977e-10,1.0,0.3499999998748513,nan,nan,nan,nan,nan,nan,nan,nan,nan,nan,nan,nan,nan,nan,nan,nan,nan,nan,nan,nan,1.2927064047203927,0.7076020150482923,0.5368814864021383,0.0011043283635139062,-0.00135397339386074,nan,nan,nan,nan,nan,nan,nan,nan,nan,nan,nan,nan,nan,nan,nan,nan,nan,nan,nan,nan,nan,nan,nan,nan,nan,nan,nan,nan,nan,nan
1769213929.2785587,-0.07019547164176759,0.570253312406236,1.70529468026006,-1.3400839315505122e-07,1.0,0.34999985929118715,nan,nan,nan,nan,nan,nan,nan,nan,nan,nan,nan,nan,nan,nan,nan,nan,nan,nan,nan,nan,1.2886302729790846,0.6752462849154764,0.5343814336923197,0.00406689020897244,0.004253530587017668,nan,nan,nan,nan,nan,nan,nan,nan,nan,nan,nan,nan,nan,nan,nan,nan,nan,nan,nan,nan,nan,nan,nan,nan,nan,nan,nan,nan,nan,nan
1769213929.3814678,-0.07007819215516278,0.5701637564704441,1.7054658572224148,-0.9905294690248246,1.0,0.0018317710308655476,nan,nan,nan,nan,nan,nan,nan,nan,nan,nan,nan,nan,nan,nan,nan,nan,nan,nan,nan,nan,1.2867541266199867,0.7218062125363824,0.531982609908206,-0.002982765385431639,-0.0009308044935658553,nan,nan,nan,nan,nan,nan,nan,nan,nan,nan,nan,nan,nan,nan,nan,nan,nan,nan,nan,nan,nan,nan,nan,nan,nan,nan,nan,nan,nan,nan
1769213929.4814656,-0.07013845939318736,0.5702426505803344,1.7053660921651006,-5.883081816657485e-05,1.0,0.34993822764156646,nan,nan,nan,nan,nan,nan,nan,nan,nan,nan,nan,nan,nan,nan,nan,nan,nan,nan,nan,nan,1.3078350045957459,0.7617287459547012,0.531651572547274,0.0012006823113630957,-0.0007780956485524859,nan,nan,nan,nan,nan,nan,nan,nan,nan,nan,nan,nan,nan,nan,nan,nan,nan,nan,nan,nan,nan,nan,nan,nan,nan,nan,nan,nan,nan,nan
1769213929.5801866,-0.07014797840673406,0.5702144392644356,1.7060189821910543,-3.4929090249411467e-09,0.0,0.3499999963324455,nan,nan,nan,nan,nan,nan,nan,nan,nan,nan,nan,nan,nan,nan,nan,nan,nan,nan,nan,nan,1.3078350045957459,0.6270527108641899,0.5360319932647706,0.007116115541207097,-0.0031335612910366835,nan,nan,nan,nan,nan,nan,nan,nan,nan,nan,nan,nan,nan,nan,nan,nan,nan,nan,nan,nan,nan,nan,nan,nan,nan,nan,nan,nan,nan,nan
1769213929.6828103,-0.07006961303354073,0.5702690624424526,1.70562252131464,-3.6954942560160117e-10,1.0,0.3499999996119731,nan,nan,nan,nan,nan,nan,nan,nan,nan,nan,nan,nan,nan,nan,nan,nan,nan,nan,nan,nan,1.2908779357921734,0.711806498293807,0.5337791292714849,0.0013571250688631533,-0.001500363645207951,nan,nan,nan,nan,nan,nan,nan,nan,nan,nan,nan,nan,nan,nan,nan,nan,nan,nan,nan,nan,nan,nan,nan,nan,nan,nan,nan,nan,nan,nan
1769213929.779906,-0.06993142620685429,0.5702709752055338,1.7059596734512736,-0.00013848955364495003,1.0,0.3498545859770396,nan,nan,nan,nan,nan,nan,nan,nan,nan,nan,nan,nan,nan,nan,nan,nan,nan,nan,nan,nan,1.2880630735071794,0.6929743249212913,0.5319041814374367,0.0030618970358873903,0.0015239797274900517,nan,nan,nan,nan,nan,nan,nan,nan,nan,nan,nan,nan,nan,nan,nan,nan,nan,nan,nan,nan,nan,nan,nan,nan,nan,nan,nan,nan,nan,nan
1769213929.880357,-0.06985678430650563,0.5701410384075262,1.70600679518216,-8.22241506390607e-09,0.0,0.34999999136646415,nan,nan,nan,nan,nan,nan,nan,nan,nan,nan,nan,nan,nan,nan,nan,nan,nan,nan,nan,nan,1.2880630735071794,0.7384753401193059,0.5297985484086488,-0.0018548192561721262,-0.0033992195207915407,nan,nan,nan,nan,nan,nan,nan,nan,nan,nan,nan,nan,nan,nan,nan,nan,nan,nan,nan,nan,nan,nan,nan,nan,nan,nan,nan,nan,nan,nan
1769213929.9790328,-0.06992068139624995,0.5702764761638753,1.705867942932394,-1.7506307596895893e-06,0.0,0.3499981618377023,nan,nan,nan,nan,nan,nan,nan,nan,nan,nan,nan,nan,nan,nan,nan,nan,nan,nan,nan,nan,1.2880630735071794,0.7134573056421676,0.5305913002124908,0.0031748771088692938,-0.001395356853833858,nan,nan,nan,nan,nan,nan,nan,nan,nan,nan,nan,nan,nan,nan,nan,nan,nan,nan,nan,nan,nan,nan,nan,nan,nan,nan,nan,nan,nan,nan
1769213930.082923,-0.06980837704806733,0.5703996690548762,1.7054267158611363,-1.0730917455279585e-10,1.0,0.3499999998873254,nan,nan,nan,nan,nan,nan,nan,nan,nan,nan,nan,nan,nan,nan,nan,nan,nan,nan,nan,nan,1.2965803152798232,0.7545341656936899,0.5294358416405307,-0.0009917718279234802,0.0025596958513761955,nan,nan,nan,nan,nan,nan,nan,nan,nan,nan,nan,nan,nan,nan,nan,nan,nan,nan,nan,nan,nan,nan,nan,nan,nan,nan,nan,nan,nan,nan
1769213930.1811938,-0.06959264555831571,0.5702860911736385,1.7054552756668178,-6.3711707061992055e-15,0.0,0.3499999999999933,nan,nan,nan,nan,nan,nan,nan,nan,nan,nan,nan,nan,nan,nan,nan,nan,nan,nan,nan,nan,1.2965803152798232,0.831093908964467,0.5307660301963418,0.0006108539162814767,0.003678097200171207,nan,nan,nan,nan,nan,nan,nan,nan,nan,nan,nan,nan,nan,nan,nan,nan,nan,nan,nan,nan,nan,nan,nan,nan,nan,nan,nan,nan,nan,nan
1769213930.2822583,-0.06955047515743672,0.5702708788128399,1.704826653515926,-3.650627681158129e-19,1.0,0.35,nan,nan,nan,nan,nan,nan,nan,nan,nan,nan,nan,nan,nan,nan,nan,nan,nan,nan,nan,nan,1.2978421133973876,0.7042537017928572,0.5296886265402257,-0.0009273054773397935,-0.0014246606800625515,nan,nan,nan,nan,nan,nan,nan,nan,nan,nan,nan,nan,nan,nan,nan,nan,nan,nan,nan,nan,nan,nan,nan,nan,nan,nan,nan,nan,nan,nan
1769213930.3812425,-0.06937452108325573,0.5704746490477147,1.703505654658954,-2.1674542030878513e-23,0.0,0.35,nan,nan,nan,nan,nan,nan,nan,nan,nan,nan,nan,nan,nan,nan,nan,nan,nan,nan,nan,nan,1.2978421133973876,0.7458170081651092,0.5278261976993239,0.003821877756228119,-0.0005531738184252855,nan,nan,nan,nan,nan,nan,nan,nan,nan,nan,nan,nan,nan,nan,nan,nan,nan,nan,nan,nan,nan,nan,nan,nan,nan,nan,nan,nan,nan,nan
1769213930.4796355,-0.0690122248514439,0.5704872154666387,1.7026430232391783,-3.824694349991529e-21,0.0,0.35,nan,nan,nan,nan,nan,nan,nan,nan,nan,nan,nan,nan,nan,nan,nan,nan,nan,nan,nan,nan,1.2978421133973876,0.7077716920523328,0.5300214227531582,0.0011136182180179872,0.005715399013965528,nan,nan,nan,nan,nan,nan,nan,nan,nan,nan,nan,nan,nan,nan,nan,nan,nan,nan,nan,nan,nan,nan,nan,nan,nan,nan,nan,nan,nan,nan
1769213930.582085,-0.06876152160426194,0.5703507002761267,1.7017500766473401,-2.3587501681774235e-14,1.0,0.3499999999999752,nan,nan,nan,nan,nan,nan,nan,nan,nan,nan,nan,nan,nan,nan,nan,nan,nan,nan,nan,nan,1.326918357004254,0.7921435549028539,0.5293407161888136,-0.0013875862110000765,-0.0022892384832657988,nan,nan,nan,nan,nan,nan,nan,nan,nan,nan,nan,nan,nan,nan,nan,nan,nan,nan,nan,nan,nan,nan,nan,nan,nan,nan,nan,nan,nan,nan
1769213930.6801908,-0.06871754417958928,0.5706186646101156,1.7008730348950654,-1.4004394346860384e-18,0.0,0.35,nan,nan,nan,nan,nan,nan,nan,nan,nan,nan,nan,nan,nan,nan,nan,nan,nan,nan,nan,nan,1.326918357004254,0.66504926160097,0.5305200688814853,0.0018865626474175187,-0.0025000006159054664,nan,nan,nan,nan,nan,nan,nan,nan,nan,nan,nan,nan,nan,nan,nan,nan,nan,nan,nan,nan,nan,nan,nan,nan,nan,nan,nan,nan,nan,nan
1769213930.781686,-0.06850172732417792,0.5708304679532294,1.6995281686136177,-8.024401168651511e-23,1.0,0.35,nan,nan,nan,nan,nan,nan,nan,nan,nan,nan,nan,nan,nan,nan,nan,nan,nan,nan,nan,nan,1.312064258209877,0.7078988522035544,0.5305586020477536,0.0005239034437168252,0.014955745352171083,nan,nan,nan,nan,nan,nan,nan,nan,nan,nan,nan,nan,nan,nan,nan,nan,nan,nan,nan,nan,nan,nan,nan,nan,nan,nan,nan,nan,nan,nan
1769213930.8801186,-0.068128201159785,0.5708001660868058,1.6991111109040244,-1.4159875566433014e-20,1.0,0.35,nan,nan,nan,nan,nan,nan,nan,nan,nan,nan,nan,nan,nan,nan,nan,nan,nan,nan,nan,nan,1.3405068874678008,0.8194851788984514,0.5348955687580573,0.003311381212999829,0.004333039049795265,nan,nan,nan,nan,nan,nan,nan,nan,nan,nan,nan,nan,nan,nan,nan,nan,nan,nan,nan,nan,nan,nan,nan,nan,nan,nan,nan,nan,nan,nan
1769213930.981322,-0.06823728316589639,0.5712047701636805,1.6994820622988533,-2.498654688914061e-18,1.0,0.35,nan,nan,nan,nan,nan,nan,nan,nan,nan,nan,nan,nan,nan,nan,nan,nan,nan,nan,nan,nan,1.2868718138120696,0.7283154270429106,0.5324585151961543,-0.0025013680768596826,-0.006926373367056814,nan,nan,nan,nan,nan,nan,nan,nan,nan,nan,nan,nan,nan,nan,nan,nan,nan,nan,nan,nan,nan,nan,nan,nan,nan,nan,nan,nan,nan,nan
1769213931.0820506,-0.06819650535829463,0.5715955321481274,1.6992886669345921,-0.8371797040628531,1.0,0.0045788114891386344,nan,nan,nan,nan,nan,nan,nan,nan,nan,nan,nan,nan,nan,nan,nan,nan,nan,nan,nan,nan,1.3036563903388219,0.770328742097366,0.5302654837752583,0.0060918411196478105,0.0019420829529791354,nan,nan,nan,nan,nan,nan,nan,nan,nan,nan,nan,nan,nan,nan,nan,nan,nan,nan,nan,nan,nan,nan,nan,nan,nan,nan,nan,nan,nan,nan
1769213931.1819825,-0.067811877098145,0.5714990197126218,1.6992628234692442,-4.884327390302951e-05,1.0,0.3499487145627689,nan,nan,nan,nan,nan,nan,nan,nan,nan,nan,nan,nan,nan,nan,nan,nan,nan,nan,nan,nan,1.2866795261636865,0.8169044680787847,0.5282572959140713,-0.0021940184383146197,0.001992501168173908,nan,nan,nan,nan,nan,nan,nan,nan,nan,nan,nan,nan,nan,nan,nan,nan,nan,nan,nan,nan,nan,nan,nan,nan,nan,nan,nan,nan,nan,nan
1769213931.2809663,-0.06792013385599277,0.5716780818194602,1.6988921789250346,-5.416100792113375e-05,1.0,0.34994313094218327,nan,nan,nan,nan,nan,nan,nan,nan,nan,nan,nan,nan,nan,nan,nan,nan,nan,nan,nan,nan,1.2932713003944456,0.8265118120564271,0.5270618415406542,0.003594821991488029,0.003762759526477705,nan,nan,nan,nan,nan,nan,nan,nan,nan,nan,nan,nan,nan,nan,nan,nan,nan,nan,nan,nan,nan,nan,nan,nan,nan,nan,nan,nan,nan,nan
1769213931.3802507,-0.06760472923709089,0.5715148872120938,1.6988755029928548,-6.076943782716643e-05,1.0,0.34993619209098836,nan,nan,nan,nan,nan,nan,nan,nan,nan,nan,nan,nan,nan,nan,nan,nan,nan,nan,nan,nan,1.3232104655162658,0.8912473845525861,0.528807936919978,0.0037967001491140116,-0.0036599836756963365,nan,nan,nan,nan,nan,nan,nan,nan,nan,nan,nan,nan,nan,nan,nan,nan,nan,nan,nan,nan,nan,nan,nan,nan,nan,nan,nan,nan,nan,nan
1769213931.4804273,-0.06771950916475614,0.571841866835316,1.6989728513685587,-6.29982536309249e-05,1.0,0.3499338518344751,nan,nan,nan,nan,nan,nan,nan,nan,nan,nan,nan,nan,nan,nan,nan,nan,nan,nan,nan,nan,1.2935386472557948,0.7511208816033991,0.528200660690829,-0.0034921194945415185,-0.008658531233125249,nan,nan,nan,nan,nan,nan,nan,nan,nan,nan,nan,nan,nan,nan,nan,nan,nan,nan,nan,nan,nan,nan,nan,nan,nan,nan,nan,nan,nan,nan
1769213931.5809708,-0.06762904799220601,0.5720425863259858,1.6996352268468666,-7.133622171781568e-05,1.0,0.3499250969683398,nan,nan,nan,nan,nan,nan,nan,nan,nan,nan,nan,nan,nan,nan,nan,nan,nan,nan,nan,nan,1.291736118254865,0.7816341531446708,0.5264239751560932,0.0021566541593637666,0.008974140206327945,nan,nan,nan,nan,nan,nan,nan,nan,nan,nan,nan,nan,nan,nan,nan,nan,nan,nan,nan,nan,nan,nan,nan,nan,nan,nan,nan,nan,nan,nan
1769213931.679868,-0.06721108360057058,0.5718981427416561,1.7005840087843207,-8.071970287093799e-05,1.0,0.3499152443136422,nan,nan,nan,nan,nan,nan,nan,nan,nan,nan,nan,nan,nan,nan,nan,nan,nan,nan,nan,nan,1.3205035955755255,0.830003620369602,0.5279089726301521,0.0007976761422141459,0.004925884391186416,nan,nan,nan,nan,nan,nan,nan,nan,nan,nan,nan,nan,nan,nan,nan,nan,nan,nan,nan,nan,nan,nan,nan,nan,nan,nan,nan,nan,nan,nan
1769213931.781181,-0.06703235117576396,0.5718423662461279,1.701962423126769,-0.019070166093308093,1.0,0.329998143141772,nan,nan,nan,nan,nan,nan,nan,nan,nan,nan,nan,nan,nan,nan,nan,nan,nan,nan,nan,nan,1.291008075024184,0.8164662710497848,0.5264365386105082,0.0014254228061332918,-0.003688950257939086,nan,nan,nan,nan,nan,nan,nan,nan,nan,nan,nan,nan,nan,nan,nan,nan,nan,nan,nan,nan,nan,nan,nan,nan,nan,nan,nan,nan,nan,nan
